complaint_id,actual_category,genai_category,python_expected_category,genai_department,python_department,genai_urgency,python_urgency,genai_escalation,python_escalation,policy_reference,verification_status,verification_score,explanation
CMP-01332,Technical Support,Service Quality,Service Quality,Customer Relations,Customer Relations,Low,Low,False,False,SVC-POL-08,Verified,0.833,[minor] policy_id: GenAI='None' vs Python='SVC-POL-08'
CMP-01155,Product Defect,Service Quality,Service Quality,Customer Relations,Customer Relations,Low,Low,False,False,SVC-POL-08,Verified,0.833,[minor] policy_id: GenAI='None' vs Python='SVC-POL-08'
CMP-01405,Warranty,Warranty,Warranty,Warranty,Warranty,Medium,Medium,False,False,WAR-POL-09,Verified,0.833,[minor] policy_id: GenAI='None' vs Python='WAR-POL-09'
CMP-01667,Refund,Refund,Refund,Billing,Billing,Medium,High,False,False,REF-POL-03,Manual Review,0.5,[CRITICAL] urgency: GenAI='Medium' vs Python='High'; [minor] priority: GenAI='P2' vs Python='P1'; [minor] policy_id: GenAI='None' vs Python='REF-POL-03'
CMP-01050,Delivery,Product Defect,Product Defect,Returns,Returns,Medium,Medium,False,False,RET-POL-01,Verified,0.833,[minor] policy_id: GenAI='None' vs Python='RET-POL-01'
CMP-01075,Billing,Service Quality,Service Quality,Customer Relations,Customer Relations,Low,Low,False,False,SVC-POL-08,Verified,0.833,[minor] policy_id: GenAI='None' vs Python='SVC-POL-08'
CMP-01549,Safety,Safety,Safety,Safety,Safety,Critical,Critical,True,True,SAF-POL-11,Verified,0.833,[minor] policy_id: GenAI='None' vs Python='SAF-POL-11'
CMP-01097,Billing,Refund,Refund,Billing,Billing,Medium,High,False,False,REF-POL-03,Manual Review,0.5,[CRITICAL] urgency: GenAI='Medium' vs Python='High'; [minor] priority: GenAI='P2' vs Python='P1'; [minor] policy_id: GenAI='None' vs Python='REF-POL-03'
CMP-01375,Service Quality,Service Quality,Service Quality,Customer Relations,Customer Relations,Low,Low,False,False,SVC-POL-08,Verified,0.833,[minor] policy_id: GenAI='None' vs Python='SVC-POL-08'
CMP-01597,Staff Behavior,Staff Behavior,Staff Behavior,Customer Relations,Customer Relations,Medium,Medium,False,False,STF-POL-12,Verified,0.833,[minor] policy_id: GenAI='None' vs Python='STF-POL-12'
CMP-01060,Billing,Billing,Billing,Billing,Billing,High,High,False,False,BIL-POL-02,Verified,0.833,[minor] policy_id: GenAI='None' vs Python='BIL-POL-02'
CMP-01520,Safety,Safety,Safety,Safety,Safety,Critical,Critical,True,True,SAF-POL-11,Verified,0.833,[minor] policy_id: GenAI='None' vs Python='SAF-POL-11'
CMP-01220,Refund,Refund,Refund,Billing,Billing,Medium,High,False,False,REF-POL-03,Manual Review,0.5,[CRITICAL] urgency: GenAI='Medium' vs Python='High'; [minor] priority: GenAI='P2' vs Python='P1'; [minor] policy_id: GenAI='None' vs Python='REF-POL-03'
CMP-01039,Delivery,Service Quality,Service Quality,Customer Relations,Customer Relations,Low,Low,False,False,SVC-POL-08,Verified,0.833,[minor] policy_id: GenAI='None' vs Python='SVC-POL-08'
CMP-01089,Billing,Refund,Refund,Billing,Billing,Medium,High,False,False,REF-POL-03,Manual Review,0.5,[CRITICAL] urgency: GenAI='Medium' vs Python='High'; [minor] priority: GenAI='P2' vs Python='P1'; [minor] policy_id: GenAI='None' vs Python='REF-POL-03'
CMP-01445,Warranty,Service Quality,Service Quality,Customer Relations,Customer Relations,Low,Low,False,False,SVC-POL-08,Verified,0.833,[minor] policy_id: GenAI='None' vs Python='SVC-POL-08'
CMP-01429,Warranty,Delivery,Delivery,Logistics Support,Logistics Support,Medium,Medium,False,False,DEL-POL-04,Verified,0.833,[minor] policy_id: GenAI='None' vs Python='DEL-POL-04'
CMP-01072,Billing,Service Quality,Service Quality,Customer Relations,Customer Relations,Low,Low,False,False,SVC-POL-08,Verified,0.833,[minor] policy_id: GenAI='None' vs Python='SVC-POL-08'
CMP-01247,Account,Service Quality,Service Quality,Customer Relations,Customer Relations,Low,Low,False,False,SVC-POL-08,Verified,0.833,[minor] policy_id: GenAI='None' vs Python='SVC-POL-08'
CMP-01093,Billing,Refund,Refund,Billing,Billing,Medium,High,False,False,REF-POL-03,Manual Review,0.5,[CRITICAL] urgency: GenAI='Medium' vs Python='High'; [minor] priority: GenAI='P2' vs Python='P1'; [minor] policy_id: GenAI='None' vs Python='REF-POL-03'
CMP-01565,Staff Behavior,Staff Behavior,Staff Behavior,Customer Relations,Customer Relations,Medium,Medium,False,False,STF-POL-12,Verified,0.833,[minor] policy_id: GenAI='None' vs Python='STF-POL-12'
CMP-01435,Warranty,Service Quality,Service Quality,Customer Relations,Customer Relations,Low,Low,False,False,SVC-POL-08,Verified,0.833,[minor] policy_id: GenAI='None' vs Python='SVC-POL-08'
CMP-01061,Billing,Billing,Billing,Billing,Billing,High,High,False,False,BIL-POL-02,Verified,0.833,[minor] policy_id: GenAI='None' vs Python='BIL-POL-02'
CMP-01580,Staff Behavior,Service Quality,Service Quality,Customer Relations,Customer Relations,Low,Low,False,False,SVC-POL-08,Verified,0.833,[minor] policy_id: GenAI='None' vs Python='SVC-POL-08'
CMP-01127,Product Defect,Product Defect,Product Defect,Returns,Returns,Medium,Medium,False,False,RET-POL-01,Verified,0.833,[minor] policy_id: GenAI='None' vs Python='RET-POL-01'
CMP-01229,Account,Account,Account,Account Security,Account Security,Critical,Medium,True,False,ACC-POL-05,Manual Review,0.333,[CRITICAL] urgency: GenAI='Critical' vs Python='Medium'; [minor] priority: GenAI='P0' vs Python='P2'; [CRITICAL] escalation_required: GenAI='True' vs Python='False'; [minor] policy_id: GenAI='None' vs Python='ACC-POL-05'
CMP-01646,Warranty,Warranty,Warranty,Warranty,Warranty,Medium,Medium,False,False,WAR-POL-09,Verified,0.833,[minor] policy_id: GenAI='None' vs Python='WAR-POL-09'
CMP-01643,Product Defect,Product Defect,Product Defect,Returns,Returns,Medium,Medium,False,False,RET-POL-01,Verified,0.833,[minor] policy_id: GenAI='None' vs Python='RET-POL-01'
CMP-01745,Service Quality,Service Quality,Service Quality,Customer Relations,Customer Relations,Low,Low,False,False,SVC-POL-08,Verified,0.833,[minor] policy_id: GenAI='None' vs Python='SVC-POL-08'
CMP-01064,Billing,Billing,Billing,Billing,Billing,High,High,False,False,BIL-POL-02,Verified,0.833,[minor] policy_id: GenAI='None' vs Python='BIL-POL-02'
CMP-01591,Staff Behavior,Staff Behavior,Staff Behavior,Customer Relations,Customer Relations,Medium,Medium,False,False,STF-POL-12,Verified,0.833,[minor] policy_id: GenAI='None' vs Python='STF-POL-12'
CMP-01600,Staff Behavior,Staff Behavior,Staff Behavior,Customer Relations,Customer Relations,Medium,Medium,False,False,STF-POL-12,Verified,0.833,[minor] policy_id: GenAI='None' vs Python='STF-POL-12'
CMP-01407,Warranty,Warranty,Warranty,Warranty,Warranty,Medium,Medium,False,False,WAR-POL-09,Verified,0.833,[minor] policy_id: GenAI='None' vs Python='WAR-POL-09'
CMP-01051,Delivery,Product Defect,Product Defect,Returns,Returns,Medium,Medium,False,False,RET-POL-01,Verified,0.833,[minor] policy_id: GenAI='None' vs Python='RET-POL-01'
CMP-01227,Account,Account,Account,Account Security,Account Security,Critical,Medium,True,False,ACC-POL-05,Manual Review,0.333,[CRITICAL] urgency: GenAI='Critical' vs Python='Medium'; [minor] priority: GenAI='P0' vs Python='P2'; [CRITICAL] escalation_required: GenAI='True' vs Python='False'; [minor] policy_id: GenAI='None' vs Python='ACC-POL-05'
CMP-01048,Delivery,Product Defect,Product Defect,Returns,Returns,Medium,Medium,False,False,RET-POL-01,Verified,0.833,[minor] policy_id: GenAI='None' vs Python='RET-POL-01'
CMP-01571,Staff Behavior,Staff Behavior,Staff Behavior,Customer Relations,Customer Relations,Medium,Medium,False,False,STF-POL-12,Verified,0.833,[minor] policy_id: GenAI='None' vs Python='STF-POL-12'
CMP-01137,Product Defect,Product Defect,Product Defect,Returns,Returns,Medium,Medium,False,False,RET-POL-01,Verified,0.833,[minor] policy_id: GenAI='None' vs Python='RET-POL-01'
CMP-01297,Technical Support,Service Quality,Service Quality,Customer Relations,Customer Relations,Low,Low,False,False,SVC-POL-08,Verified,0.833,[minor] policy_id: GenAI='None' vs Python='SVC-POL-08'
CMP-01430,Warranty,Delivery,Delivery,Logistics Support,Logistics Support,Medium,Medium,False,False,DEL-POL-04,Verified,0.833,[minor] policy_id: GenAI='None' vs Python='DEL-POL-04'
CMP-01148,Product Defect,Service Quality,Service Quality,Customer Relations,Customer Relations,Low,Low,False,False,SVC-POL-08,Verified,0.833,[minor] policy_id: GenAI='None' vs Python='SVC-POL-08'
CMP-01554,Safety,Safety,Safety,Safety,Safety,Critical,Critical,True,True,SAF-POL-11,Verified,0.833,[minor] policy_id: GenAI='None' vs Python='SAF-POL-11'
CMP-01121,Product Defect,Product Defect,Product Defect,Returns,Returns,Medium,Medium,False,False,RET-POL-01,Verified,0.833,[minor] policy_id: GenAI='None' vs Python='RET-POL-01'
CMP-01585,Staff Behavior,Service Quality,Service Quality,Customer Relations,Customer Relations,Low,Low,False,False,SVC-POL-08,Verified,0.833,[minor] policy_id: GenAI='None' vs Python='SVC-POL-08'
CMP-01316,Technical Support,Delivery,Delivery,Logistics Support,Logistics Support,Medium,Medium,False,False,DEL-POL-04,Verified,0.833,[minor] policy_id: GenAI='None' vs Python='DEL-POL-04'
CMP-01574,Staff Behavior,Staff Behavior,Staff Behavior,Customer Relations,Customer Relations,Medium,Medium,False,False,STF-POL-12,Verified,0.833,[minor] policy_id: GenAI='None' vs Python='STF-POL-12'
CMP-01699,Delivery,Delivery,Delivery,Logistics Support,Logistics Support,Medium,Medium,False,True,DEL-POL-04,Manual Review,0.667,[CRITICAL] escalation_required: GenAI='False' vs Python='True'; [minor] policy_id: GenAI='None' vs Python='DEL-POL-04'
CMP-01186,Refund,Refund,Refund,Billing,Billing,Medium,High,False,False,REF-POL-03,Manual Review,0.5,[CRITICAL] urgency: GenAI='Medium' vs Python='High'; [minor] priority: GenAI='P2' vs Python='P1'; [minor] policy_id: GenAI='None' vs Python='REF-POL-03'
CMP-01106,Billing,Service Quality,Service Quality,Customer Relations,Customer Relations,Low,Low,False,False,SVC-POL-08,Verified,0.833,[minor] policy_id: GenAI='None' vs Python='SVC-POL-08'
CMP-01596,Staff Behavior,Staff Behavior,Staff Behavior,Customer Relations,Customer Relations,Medium,Medium,False,False,STF-POL-12,Verified,0.833,[minor] policy_id: GenAI='None' vs Python='STF-POL-12'
CMP-01711,Delivery,Delivery,Delivery,Logistics Support,Logistics Support,Medium,Medium,False,True,DEL-POL-04,Manual Review,0.667,[CRITICAL] escalation_required: GenAI='False' vs Python='True'; [minor] policy_id: GenAI='None' vs Python='DEL-POL-04'
CMP-01655,Warranty,Warranty,Warranty,Warranty,Warranty,Medium,Medium,False,False,WAR-POL-09,Verified,0.833,[minor] policy_id: GenAI='None' vs Python='WAR-POL-09'
CMP-01193,Refund,Refund,Refund,Billing,Billing,Medium,High,False,False,REF-POL-03,Manual Review,0.5,[CRITICAL] urgency: GenAI='Medium' vs Python='High'; [minor] priority: GenAI='P2' vs Python='P1'; [minor] policy_id: GenAI='None' vs Python='REF-POL-03'
CMP-01382,Service Quality,Refund,Refund,Billing,Billing,Medium,High,False,False,REF-POL-03,Manual Review,0.5,[CRITICAL] urgency: GenAI='Medium' vs Python='High'; [minor] priority: GenAI='P2' vs Python='P1'; [minor] policy_id: GenAI='None' vs Python='REF-POL-03'
CMP-01100,Billing,Service Quality,Service Quality,Customer Relations,Customer Relations,Low,Low,False,False,SVC-POL-08,Verified,0.833,[minor] policy_id: GenAI='None' vs Python='SVC-POL-08'
CMP-01561,Staff Behavior,Staff Behavior,Staff Behavior,Customer Relations,Customer Relations,Medium,Medium,False,False,STF-POL-12,Verified,0.833,[minor] policy_id: GenAI='None' vs Python='STF-POL-12'
CMP-01065,Billing,Billing,Billing,Billing,Billing,High,High,False,False,BIL-POL-02,Verified,0.833,[minor] policy_id: GenAI='None' vs Python='BIL-POL-02'
CMP-01578,Staff Behavior,Service Quality,Service Quality,Customer Relations,Customer Relations,Low,Low,False,False,SVC-POL-08,Verified,0.833,[minor] policy_id: GenAI='None' vs Python='SVC-POL-08'
CMP-01062,Billing,Billing,Billing,Billing,Billing,High,High,False,False,BIL-POL-02,Verified,0.833,[minor] policy_id: GenAI='None' vs Python='BIL-POL-02'
CMP-01634,Product Defect,Product Defect,Product Defect,Returns,Returns,Medium,Medium,False,False,RET-POL-01,Verified,0.833,[minor] policy_id: GenAI='None' vs Python='RET-POL-01'
CMP-01211,Refund,Refund,Refund,Billing,Billing,Medium,High,False,False,REF-POL-03,Manual Review,0.5,[CRITICAL] urgency: GenAI='Medium' vs Python='High'; [minor] priority: GenAI='P2' vs Python='P1'; [minor] policy_id: GenAI='None' vs Python='REF-POL-03'
CMP-01509,Safety,Safety,Safety,Safety,Safety,Critical,Critical,True,True,SAF-POL-11,Verified,0.833,[minor] policy_id: GenAI='None' vs Python='SAF-POL-11'
CMP-01545,Safety,Safety,Safety,Safety,Safety,Critical,Critical,True,True,SAF-POL-11,Verified,0.833,[minor] policy_id: GenAI='None' vs Python='SAF-POL-11'
CMP-01438,Warranty,Service Quality,Service Quality,Customer Relations,Customer Relations,Low,Low,False,False,SVC-POL-08,Verified,0.833,[minor] policy_id: GenAI='None' vs Python='SVC-POL-08'
CMP-01322,Technical Support,Delivery,Delivery,Logistics Support,Logistics Support,Medium,Medium,False,False,DEL-POL-04,Verified,0.833,[minor] policy_id: GenAI='None' vs Python='DEL-POL-04'
CMP-01477,Privacy,Service Quality,Service Quality,Customer Relations,Customer Relations,Low,Low,False,False,SVC-POL-08,Verified,0.833,[minor] policy_id: GenAI='None' vs Python='SVC-POL-08'
CMP-01723,Product Defect,Product Defect,Product Defect,Returns,Returns,Medium,Medium,False,False,RET-POL-01,Verified,0.833,[minor] policy_id: GenAI='None' vs Python='RET-POL-01'
CMP-01465,Privacy,Service Quality,Service Quality,Customer Relations,Customer Relations,Low,Low,False,False,SVC-POL-08,Verified,0.833,[minor] policy_id: GenAI='None' vs Python='SVC-POL-08'
CMP-01371,Service Quality,Service Quality,Service Quality,Customer Relations,Customer Relations,Low,Low,False,False,SVC-POL-08,Verified,0.833,[minor] policy_id: GenAI='None' vs Python='SVC-POL-08'
CMP-01307,Technical Support,Service Quality,Service Quality,Customer Relations,Customer Relations,Low,Low,False,False,SVC-POL-08,Verified,0.833,[minor] policy_id: GenAI='None' vs Python='SVC-POL-08'
CMP-01255,Account,Service Quality,Service Quality,Customer Relations,Customer Relations,Low,Low,False,False,SVC-POL-08,Verified,0.833,[minor] policy_id: GenAI='None' vs Python='SVC-POL-08'
CMP-01185,Refund,Refund,Refund,Billing,Billing,Medium,High,False,False,REF-POL-03,Manual Review,0.5,[CRITICAL] urgency: GenAI='Medium' vs Python='High'; [minor] priority: GenAI='P2' vs Python='P1'; [minor] policy_id: GenAI='None' vs Python='REF-POL-03'
CMP-01250,Account,Service Quality,Service Quality,Customer Relations,Customer Relations,Low,Low,False,False,SVC-POL-08,Verified,0.833,[minor] policy_id: GenAI='None' vs Python='SVC-POL-08'
CMP-01084,Billing,Service Quality,Service Quality,Customer Relations,Customer Relations,Low,Low,False,False,SVC-POL-08,Verified,0.833,[minor] policy_id: GenAI='None' vs Python='SVC-POL-08'
CMP-01589,Staff Behavior,Staff Behavior,Staff Behavior,Customer Relations,Customer Relations,Medium,Medium,False,False,STF-POL-12,Verified,0.833,[minor] policy_id: GenAI='None' vs Python='STF-POL-12'
CMP-01308,Technical Support,Service Quality,Service Quality,Customer Relations,Customer Relations,Low,Low,False,False,SVC-POL-08,Verified,0.833,[minor] policy_id: GenAI='None' vs Python='SVC-POL-08'
CMP-01538,Safety,Safety,Safety,Safety,Safety,Critical,Critical,True,True,SAF-POL-11,Verified,0.833,[minor] policy_id: GenAI='None' vs Python='SAF-POL-11'
CMP-01507,Safety,Safety,Safety,Safety,Safety,Critical,Critical,True,True,SAF-POL-11,Verified,0.833,[minor] policy_id: GenAI='None' vs Python='SAF-POL-11'
CMP-01352,Service Quality,Service Quality,Service Quality,Customer Relations,Customer Relations,Low,Low,False,False,SVC-POL-08,Verified,0.833,[minor] policy_id: GenAI='None' vs Python='SVC-POL-08'
CMP-01460,Privacy,Service Quality,Service Quality,Customer Relations,Customer Relations,Low,Low,False,False,SVC-POL-08,Verified,0.833,[minor] policy_id: GenAI='None' vs Python='SVC-POL-08'
CMP-01295,Technical Support,Service Quality,Service Quality,Customer Relations,Customer Relations,Low,Low,False,False,SVC-POL-08,Verified,0.833,[minor] policy_id: GenAI='None' vs Python='SVC-POL-08'
CMP-01624,Product Defect,Product Defect,Product Defect,Returns,Returns,Medium,Medium,False,False,RET-POL-01,Verified,0.833,[minor] policy_id: GenAI='None' vs Python='RET-POL-01'
CMP-01749,Service Quality,Service Quality,Service Quality,Customer Relations,Customer Relations,Low,Low,False,False,SVC-POL-08,Verified,0.833,[minor] policy_id: GenAI='None' vs Python='SVC-POL-08'
CMP-01712,Delivery,Delivery,Delivery,Logistics Support,Logistics Support,Medium,Medium,False,True,DEL-POL-04,Manual Review,0.667,[CRITICAL] escalation_required: GenAI='False' vs Python='True'; [minor] policy_id: GenAI='None' vs Python='DEL-POL-04'
CMP-01525,Safety,Safety,Safety,Safety,Safety,Critical,Critical,True,True,SAF-POL-11,Verified,0.833,[minor] policy_id: GenAI='None' vs Python='SAF-POL-11'
CMP-01738,Safety,Safety,Safety,Safety,Safety,Critical,Critical,True,True,SAF-POL-11,Verified,0.833,[minor] policy_id: GenAI='None' vs Python='SAF-POL-11'
CMP-01169,Refund,Refund,Refund,Billing,Billing,Medium,High,False,False,REF-POL-03,Manual Review,0.5,[CRITICAL] urgency: GenAI='Medium' vs Python='High'; [minor] priority: GenAI='P2' vs Python='P1'; [minor] policy_id: GenAI='None' vs Python='REF-POL-03'
CMP-01351,Service Quality,Service Quality,Service Quality,Customer Relations,Customer Relations,Low,Low,False,False,SVC-POL-08,Verified,0.833,[minor] policy_id: GenAI='None' vs Python='SVC-POL-08'
CMP-01156,Product Defect,Service Quality,Service Quality,Customer Relations,Customer Relations,Low,Low,False,False,SVC-POL-08,Verified,0.833,[minor] policy_id: GenAI='None' vs Python='SVC-POL-08'
CMP-01501,Privacy,Account,Account,Account Security,Account Security,Critical,Critical,True,True,ACC-POL-05,Verified,0.833,[minor] policy_id: GenAI='None' vs Python='ACC-POL-05'
CMP-01432,Warranty,Delivery,Delivery,Logistics Support,Logistics Support,Medium,Medium,False,False,DEL-POL-04,Verified,0.833,[minor] policy_id: GenAI='None' vs Python='DEL-POL-04'
CMP-01041,Delivery,Service Quality,Service Quality,Customer Relations,Customer Relations,Low,Low,False,False,SVC-POL-08,Verified,0.833,[minor] policy_id: GenAI='None' vs Python='SVC-POL-08'
CMP-01080,Billing,Service Quality,Service Quality,Customer Relations,Customer Relations,Low,Low,False,False,SVC-POL-08,Verified,0.833,[minor] policy_id: GenAI='None' vs Python='SVC-POL-08'
CMP-01572,Staff Behavior,Staff Behavior,Staff Behavior,Customer Relations,Customer Relations,Medium,Medium,False,False,STF-POL-12,Verified,0.833,[minor] policy_id: GenAI='None' vs Python='STF-POL-12'
CMP-01587,Staff Behavior,Service Quality,Service Quality,Customer Relations,Customer Relations,Low,Low,False,False,SVC-POL-08,Verified,0.833,[minor] policy_id: GenAI='None' vs Python='SVC-POL-08'
CMP-01690,Refund,Refund,Refund,Billing,Billing,Medium,High,False,False,REF-POL-03,Manual Review,0.5,[CRITICAL] urgency: GenAI='Medium' vs Python='High'; [minor] priority: GenAI='P2' vs Python='P1'; [minor] policy_id: GenAI='None' vs Python='REF-POL-03'
CMP-01349,Service Quality,Service Quality,Service Quality,Customer Relations,Customer Relations,Low,Low,False,False,SVC-POL-08,Verified,0.833,[minor] policy_id: GenAI='None' vs Python='SVC-POL-08'
CMP-01359,Service Quality,Service Quality,Service Quality,Customer Relations,Customer Relations,Low,Low,False,False,SVC-POL-08,Verified,0.833,[minor] policy_id: GenAI='None' vs Python='SVC-POL-08'
CMP-01609,Staff Behavior,Service Quality,Service Quality,Customer Relations,Customer Relations,Low,Low,False,False,SVC-POL-08,Verified,0.833,[minor] policy_id: GenAI='None' vs Python='SVC-POL-08'
CMP-01693,Delivery,Delivery,Delivery,Logistics Support,Logistics Support,Medium,Medium,False,True,DEL-POL-04,Manual Review,0.667,[CRITICAL] escalation_required: GenAI='False' vs Python='True'; [minor] policy_id: GenAI='None' vs Python='DEL-POL-04'
CMP-01594,Staff Behavior,Staff Behavior,Staff Behavior,Customer Relations,Customer Relations,Medium,Medium,False,False,STF-POL-12,Verified,0.833,[minor] policy_id: GenAI='None' vs Python='STF-POL-12'
CMP-01468,Privacy,Service Quality,Service Quality,Customer Relations,Customer Relations,Low,Low,False,False,SVC-POL-08,Verified,0.833,[minor] policy_id: GenAI='None' vs Python='SVC-POL-08'
CMP-01071,Billing,Service Quality,Service Quality,Customer Relations,Customer Relations,Low,Low,False,False,SVC-POL-08,Verified,0.833,[minor] policy_id: GenAI='None' vs Python='SVC-POL-08'
CMP-01096,Billing,Refund,Refund,Billing,Billing,Medium,High,False,False,REF-POL-03,Manual Review,0.5,[CRITICAL] urgency: GenAI='Medium' vs Python='High'; [minor] priority: GenAI='P2' vs Python='P1'; [minor] policy_id: GenAI='None' vs Python='REF-POL-03'
CMP-01277,Account,Service Quality,Service Quality,Customer Relations,Customer Relations,Low,Low,False,False,SVC-POL-08,Verified,0.833,[minor] policy_id: GenAI='None' vs Python='SVC-POL-08'
CMP-01486,Privacy,Service Quality,Service Quality,Customer Relations,Customer Relations,Low,Low,False,False,SVC-POL-08,Verified,0.833,[minor] policy_id: GenAI='None' vs Python='SVC-POL-08'
CMP-01067,Billing,Billing,Billing,Billing,Billing,High,High,False,False,BIL-POL-02,Verified,0.833,[minor] policy_id: GenAI='None' vs Python='BIL-POL-02'
CMP-01063,Billing,Billing,Billing,Billing,Billing,High,High,False,False,BIL-POL-02,Verified,0.833,[minor] policy_id: GenAI='None' vs Python='BIL-POL-02'
CMP-01318,Technical Support,Delivery,Delivery,Logistics Support,Logistics Support,Medium,Medium,False,False,DEL-POL-04,Verified,0.833,[minor] policy_id: GenAI='None' vs Python='DEL-POL-04'
CMP-01592,Staff Behavior,Staff Behavior,Staff Behavior,Customer Relations,Customer Relations,Medium,Medium,False,False,STF-POL-12,Verified,0.833,[minor] policy_id: GenAI='None' vs Python='STF-POL-12'
CMP-01457,Privacy,Service Quality,Service Quality,Customer Relations,Customer Relations,Low,Low,False,False,SVC-POL-08,Verified,0.833,[minor] policy_id: GenAI='None' vs Python='SVC-POL-08'
CMP-01292,Technical Support,Service Quality,Service Quality,Customer Relations,Customer Relations,Low,Low,False,False,SVC-POL-08,Verified,0.833,[minor] policy_id: GenAI='None' vs Python='SVC-POL-08'
CMP-01396,Warranty,Warranty,Warranty,Warranty,Warranty,Medium,Medium,False,False,WAR-POL-09,Verified,0.833,[minor] policy_id: GenAI='None' vs Python='WAR-POL-09'
CMP-01356,Service Quality,Service Quality,Service Quality,Customer Relations,Customer Relations,Low,Low,False,False,SVC-POL-08,Verified,0.833,[minor] policy_id: GenAI='None' vs Python='SVC-POL-08'
CMP-01024,Delivery,Delivery,Delivery,Logistics Support,Logistics Support,Medium,Medium,False,False,DEL-POL-04,Verified,0.833,[minor] policy_id: GenAI='None' vs Python='DEL-POL-04'
CMP-01473,Privacy,Service Quality,Service Quality,Customer Relations,Customer Relations,Low,Low,False,False,SVC-POL-08,Verified,0.833,[minor] policy_id: GenAI='None' vs Python='SVC-POL-08'
CMP-01364,Service Quality,Service Quality,Service Quality,Customer Relations,Customer Relations,Low,Low,False,False,SVC-POL-08,Verified,0.833,[minor] policy_id: GenAI='None' vs Python='SVC-POL-08'
CMP-01173,Refund,Refund,Refund,Billing,Billing,Medium,High,False,False,REF-POL-03,Manual Review,0.5,[CRITICAL] urgency: GenAI='Medium' vs Python='High'; [minor] priority: GenAI='P2' vs Python='P1'; [minor] policy_id: GenAI='None' vs Python='REF-POL-03'
CMP-01626,Product Defect,Delivery,Delivery,Logistics Support,Logistics Support,Medium,Medium,False,False,DEL-POL-04,Verified,0.833,[minor] policy_id: GenAI='None' vs Python='DEL-POL-04'
CMP-01120,Product Defect,Product Defect,Product Defect,Returns,Returns,Medium,Medium,False,False,RET-POL-01,Verified,0.833,[minor] policy_id: GenAI='None' vs Python='RET-POL-01'
